Date,CG,T_a,v,P_PV_TE,N_PV_TE
,W/m2,K,m/s,(W),(%)
1/1/2019,9298.62375,265.56,7.66,1.546201765,10.66943961
1/2/2019,9183.25625,267.41,7.2,1.537077149,10.67859935
1/3/2019,9306.95625,268.08,4.09,1.638804246,10.7810883
1/4/2019,9171.41875,263.97,1.68,1.682144583,10.84642436
1/5/2019,9091.08625,261.75,1.97,1.650419243,10.82528878
1/6/2019,9708.8825,258.81,2.38,1.767097162,10.85791519
1/7/2019,10297.9,258.22,4.45,1.81781141,10.82756521
1/8/2019,10176.605,259.42,5.71,1.754975448,10.77740282
1/9/2019,10505.44625,256.1,3.84,1.8804272,10.862439
1/10/2019,10044.16375,260.06,2.48,1.83987079,10.884258
1/11/2019,10680.16,258.75,4,1.917735678,10.87569786
1/12/2019,11069.38625,260.44,5.79,1.940906393,10.84573546
1/13/2019,11205.885,265.13,4.57,2.024992886,10.90972061
1/14/2019,11514.81375,267.47,7.63,1.994841938,10.83854229
1/15/2019,11669.83125,268.06,6.45,2.065613214,10.88828749
1/16/2019,12044.05125,261.58,3.92,2.231750569,10.99214353
1/17/2019,12232.365,266.05,8.54,2.111590245,10.85776435
1/18/2019,12496.975,271.58,7.89,2.203756362,10.91265794
1/19/2019,13447.58625,263.87,5.62,2.476553942,11.03764584
1/20/2019,13690.84625,265.6,8.63,2.411314385,10.95442405
1/21/2019,14457.15125,261.35,4.75,2.748213426,11.14061336
1/22/2019,14721.76375,256.15,4.2,2.830380912,11.17345264
1/23/2019,15465.5075,254.14,3.79,3.034913588,11.24355737
1/24/2019,14893.50875,253.42,1.05,3.114109435,11.33747407
1/25/2019,15741.46625,255.09,1.29,3.322894676,11.39231841
1/26/2019,14621.91,259.3,7.38,2.642487055,11.04387519
1/27/2019,15928.215,261.95,4.08,3.151254458,11.27820918
1/28/2019,16035.14,260.88,2.99,3.26032709,11.33518465
1/29/2019,15831.91875,265.07,5.19,3.06133572,11.22924174
1/30/2019,16434.97125,268.42,4.43,3.272588126,11.31133339
1/31/2019,15780.00125,271.36,5.69,3.039194429,11.21925126
2/1/2019,16122.495,266.77,2.68,3.324739166,11.36555047
2/2/2019,17398.2775,265.71,2.29,3.698859161,11.47677661
2/3/2019,17937.00125,269.71,4.02,3.693872812,11.43770824
2/4/2019,16842.59,273.16,5.03,3.34750919,11.32397252
2/5/2019,21330.0525,266.75,2.72,4.751409607,11.7261471
2/6/2019,20121.9575,265.26,1.77,4.523273181,11.69540561
2/7/2019,21711.4725,264.21,3.29,4.778758746,11.71748043
2/8/2019,20460.48625,267.6,5.32,4.227825842,11.54251884
2/9/2019,21128.475,268.52,5.77,4.363469336,11.56632802
2/10/2019,22749.42875,265.73,5.78,4.778794464,11.66123962
2/11/2019,22481.46375,268.76,6.05,4.692870948,11.63831382
2/12/2019,23405.39875,271.24,6.62,4.889459241,11.6729852
2/13/2019,24648.765,267.2,2.62,5.729792734,11.93579147
2/14/2019,26604.88625,264.13,4.66,5.973952747,11.93612103
2/15/2019,25593.315,271.62,8.6,5.256548246,11.71084905
2/16/2019,26154.5375,272.08,6.02,5.699676479,11.85813355
2/17/2019,27905.49,271.7,9.56,5.748865648,11.79254053
2/18/2019,30332.29375,265.34,7.22,6.643060329,12.00568779
2/19/2019,27898.1475,265.97,7.52,5.949310937,11.86967058
2/20/2019,27783.23375,271.74,7.87,5.908725206,11.85994489
2/21/2019,30828.0575,268.04,8.5,6.617162243,11.97676876
2/22/2019,32511.30125,262.56,9.59,6.880865297,11.99539021
2/23/2019,33804.58125,262.57,3.83,8.210511207,12.32920462
2/24/2019,32632.0775,269.11,4.75,7.715593074,12.23910402
2/25/2019,33171.7525,272.55,6.64,7.558645407,12.17832343
2/26/2019,34900.11875,272.25,6.45,8.078189094,12.26311035
2/27/2019,36218.99375,267.24,2.77,9.211745504,12.4941117
2/28/2019,36218.92375,271.56,3.6,9.038738483,12.45712272
3/1/2019,35875.1525,269.9,4.4,8.755327566,12.40275251
3/2/2019,39560.69375,260.86,3.54,10.01752793,12.57901865
3/3/2019,38349.61,264.55,6.05,9.09015401,12.40998439
3/4/2019,38586.075,268.63,2.78,9.943759466,12.58635362
3/5/2019,37126.65125,273.22,6.53,8.699816217,12.35249091
3/6/2019,43492.46875,264.76,6.62,10.46378193,12.57811884
3/7/2019,42651.315,263.9,6.23,10.3048619,12.5657426
3/8/2019,39233.12375,271.59,7.82,9.041550066,12.37473063
3/9/2019,42508.5025,272.9,6.88,10.17607933,12.54307401
3/10/2019,42389.9875,272.23,5.24,10.5064951,12.61081156
3/11/2019,44728.4175,272.42,3.01,11.8015078,12.78995378
3/12/2019,46498.7975,268.22,4.22,11.98022738,12.7871787
3/13/2019,44673.92,265.84,2.94,11.77641767,12.78690504
3/14/2019,46411.66125,267.38,5.15,11.69223247,12.74131016
3/15/2019,42187.43875,271.1,6.21,10.21865815,12.55916794
3/16/2019,48039.83125,270.18,4.95,12.25323781,12.80359156
3/17/2019,47354.65125,271.11,4.17,12.27205224,12.81844138
3/18/2019,50688.675,272.04,6.4,12.65493466,12.82090811
3/19/2019,48844.86125,272.98,5.04,12.48718347,12.82639024
3/20/2019,53035.95,271.66,4.11,14.02018442,12.97793361
3/21/2019,53900.50625,270.42,3.22,14.56360842,13.0331455
3/22/2019,53152.4725,271.41,3.99,14.09161233,12.98537814
3/23/2019,54688.2875,271.34,2.88,14.92554851,13.06544196
3/24/2019,53943.38375,271.41,3.81,14.38769072,13.01156447
3/25/2019,57873.8275,271.42,4.06,15.49455223,13.09205859
3/26/2019,56317.8225,271.31,3.34,15.26791992,13.08484306
3/27/2019,58780.84125,269.17,3.84,15.83486782,13.11875081
3/28/2019,60079.69375,270.32,4.36,16.05103865,13.12745099
3/29/2019,56826.09875,272.57,2.73,15.64684279,13.12015709
3/30/2019,59200.7025,274.1,4.77,15.66805805,13.0960228
3/31/2019,57612.82375,275.41,5.77,14.8854061,13.02490037
4/1/2019,64925.28625,273.13,4.74,17.37536426,13.20896103
4/2/2019,63421.545,272.89,2.72,17.67497734,13.24820491
4/3/2019,62032.7875,273.95,3.46,16.98043795,13.19940556
4/4/2019,67858.15375,274.4,3.74,18.61797637,13.28874864
4/5/2019,59731.69,274.5,3.85,16.14646206,13.14103737
4/6/2019,60460.755,274.88,2.73,16.77680893,13.19521655
4/7/2019,61889.825,275.58,2.12,17.4504137,13.24210559
4/8/2019,59098.395,278.14,6.11,15.23177679,13.04752467
4/9/2019,59317.5175,281.82,5.41,15.53856042,13.0802157
4/10/2019,64333.95375,279.48,1.29,18.54441871,13.30866618
4/11/2019,67472.87,277.58,3.16,18.74193857,13.3009118
4/12/2019,63179.2475,275.01,5.74,16.52644475,13.14380257
4/13/2019,71164.7275,274.97,5.6,18.88976111,13.28477162
4/14/2019,70912.50625,273.81,6.4,18.52449948,13.25724503
4/15/2019,75334.99125,276.09,5.32,20.18758637,13.34912908
4/16/2019,74991.00375,278.11,4.99,20.22706113,13.35387451
4/17/2019,78753.6925,277.39,2.89,22.17155236,13.44419868
4/18/2019,75761.63375,277.82,1.6,21.86446881,13.44257946
4/19/2019,77804.33375,278.59,1.88,22.34461288,13.45610986
4/20/2019,74160.39375,279.07,1.18,21.57934098,13.43588486
4/21/2019,73288.69,282.05,2.13,20.90989536,13.40499204
4/22/2019,70792.82875,283.65,2.1,20.18064696,13.37597394
4/23/2019,76048.2725,284.12,4.27,20.84357928,13.38612745
4/24/2019,80978.97375,286.12,3.87,22.43442115,13.44703971
4/25/2019,78977.34375,287.65,2.06,22.6404063,13.4643416
4/26/2019,75250.1525,287.62,1.62,21.73670131,13.43869567
4/27/2019,66559.0575,287.79,2.54,18.75337102,13.30823948
4/28/2019,84776.08625,279.19,6.43,22.42127358,13.42910603
4/29/2019,88110.13125,277.19,2.73,24.88458577,13.51304391
4/30/2019,87069.64125,279.61,0.4,25.67030669,13.52967859
5/1/2019,88696.71625,281.15,3.82,24.58814441,13.5037577
5/2/2019,84697.4675,279.1,4,23.39508549,13.47429777
5/3/2019,87733.63625,282.92,6.51,23.22354302,13.45514726
5/4/2019,90308.8375,281.45,1.92,25.85732118,13.52888095
5/5/2019,86459.46625,286.17,4.6,23.66867952,13.47890489
5/6/2019,87994.78125,290.22,2.57,24.97305948,13.51538839
5/7/2019,87921.2275,290.56,2.43,25.01500991,13.51648046
5/8/2019,79078.61375,289.89,1.48,22.93550184,13.4759467
5/9/2019,84847.83375,290.72,3.23,23.8215352,13.48981739
5/10/2019,85010.27875,291.25,3.23,23.86934924,13.49098128
5/11/2019,90204.12625,288.32,4.58,24.71137039,13.50358182
5/12/2019,88414.19625,288.41,0.52,26.00472512,13.53281298
5/13/2019,84421.985,289.27,4.06,23.34348155,13.47321953
5/14/2019,82919.965,288.5,3.88,22.99266342,13.46423119
5/15/2019,84597.735,287.93,5.21,22.91216768,13.45393811
5/16/2019,96990.66125,284.71,4.77,26.39821314,13.52928829
5/17/2019,99555.34625,285.11,1.86,28.29992203,13.54820072
5/18/2019,98863.5075,287.34,3.39,27.47785744,13.53995202
5/19/2019,99154.4125,286.5,3.79,27.37589533,13.53912778
5/20/2019,95798.425,287.53,1.09,27.68723803,13.54760117
5/21/2019,93509.5575,290.11,3.17,26.19253897,13.5303153
5/22/2019,94435.2175,291.48,3.54,26.28345789,13.53062568
5/23/2019,91391.10125,289.45,2.61,25.86992344,13.52777877
5/24/2019,99865.875,284.71,3.35,27.74059109,13.54102483
5/25/2019,96279.535,287.05,4.55,26.31791468,13.52889093
5/26/2019,94783.36125,288.82,2.43,26.84653983,13.53710553
5/27/2019,100128.5763,287.97,5.65,26.8545971,13.53258431
5/28/2019,94690.60625,292.72,4.49,25.95822039,13.52473844
5/29/2019,92941.8825,294.23,4.93,25.32844322,13.51414028
5/30/2019,91900.4575,292.4,1.86,26.34812014,13.53399588
5/31/2019,90172.5525,290.61,1.01,26.26282622,13.53438051
6/1/2019,101739.5688,289.63,2.85,28.4352923,13.54821126
6/2/2019,98035.14375,291.25,4.15,26.95790724,13.53595076
6/3/2019,100884.5525,288.16,3.82,27.80998688,13.54113273
6/4/2019,104840.1488,288.6,2.31,29.42569988,13.54587015
6/5/2019,107595.3738,290.84,2.87,29.86080509,13.54412781
6/6/2019,102976.7088,294.18,1.44,29.36017356,13.5451892
6/7/2019,99144.29875,296.65,0.52,28.81419939,13.54672012
6/8/2019,90422.1375,296.4,1.04,26.33251231,13.53495575
6/9/2019,89924.03,295.62,2.78,25.42651934,13.52180733
6/10/2019,98741.88875,293.64,2.19,27.97799028,13.54779467
6/11/2019,99584.57,293.55,1.59,28.44973877,13.54811979
6/12/2019,96666.03375,291.23,2.3,27.4053799,13.54020263
6/13/2019,108825.9525,286.33,3.48,29.88239141,13.54484523
6/14/2019,96256.555,290.11,2.44,27.23238592,13.53936541
6/15/2019,100396.6125,288.07,1.15,28.83105528,13.54718277
6/16/2019,105175.94,290.03,2.74,29.32920875,13.54668257
6/17/2019,100509.18,292.21,3.56,27.84412337,13.54135255
6/18/2019,99661.78,293.02,3.61,27.61078614,13.54048156
6/19/2019,106255.335,293.51,3.08,29.46031555,13.54643115
6/20/2019,103879.6025,295.63,1.3,29.6453151,13.54323868
6/21/2019,98459.46625,295.52,2.63,27.73853221,13.54122716
6/22/2019,96262.02375,296.17,3.76,26.68738901,13.53430496
6/23/2019,97871.74625,293.05,3.57,27.16987883,13.538165
6/24/2019,105275.5375,291.3,3.41,29.07630994,13.5478448
6/25/2019,104367.5413,290.63,2.74,29.13416529,13.54733979
6/26/2019,97629.13875,289.79,2.49,27.56546034,13.5407118
6/27/2019,90394.34875,288.1,5.16,24.52165876,13.49709201
6/28/2019,99401.16,285.78,5.49,26.72347417,13.53146252
6/29/2019,101174.7013,283.83,7.57,26.33134062,13.52151281
6/30/2019,104642.9325,287.27,3.9,28.71235595,13.54242542
7/1/2019,97465.49625,291.51,3.49,27.09288615,13.53772056
7/2/2019,100852.1063,291.17,5.65,27.0547473,13.53459146
7/3/2019,102710.3388,288.45,7.04,26.95031787,13.53093721
7/4/2019,104382.385,285.97,7.97,26.9865283,13.52927076
7/5/2019,100705.865,287.44,5.22,27.1730823,13.53616265
7/6/2019,99835.6875,286.34,4.62,27.19649826,13.53710488
7/7/2019,99959.20375,287.02,4.22,27.39968939,13.53890299
7/8/2019,89766.1375,289.05,2.37,25.53658131,13.52415039
7/9/2019,96604.02875,288.82,2.86,27.13244791,13.53851655
7/10/2019,96687.34125,287.71,3.79,26.74694698,13.53462294
7/11/2019,93122.0275,286.53,2.44,26.39512186,13.53349155
7/12/2019,93636.68875,285.69,1.37,26.99504782,13.54450204
7/13/2019,91514.5075,287.25,1.43,26.4230611,13.5351075
7/14/2019,95227.22125,288.58,1.05,27.5598605,13.54729162
7/15/2019,91135.52875,288.31,1.36,26.35616268,13.53467369
7/16/2019,84808.6425,289.27,2.25,24.23005615,13.503013
7/17/2019,85250.34125,289.3,1.74,24.57784871,13.51132676
7/18/2019,92147.42375,289.65,3.45,25.71015878,13.52387129
7/19/2019,91096.21625,288.61,3.69,25.32404534,13.5176046
7/20/2019,92813.7325,290.35,4.58,25.41721579,13.51651331
7/21/2019,87254.29125,291.01,3.46,24.39248573,13.50162432
7/22/2019,88332.3675,293.04,0.7,25.90972273,13.53171747
7/23/2019,83180.45625,291.05,2.07,23.85743235,13.49588588
7/24/2019,81979.38875,290.01,2.26,23.42800185,13.48479103
7/25/2019,76049.48125,291.54,3.01,21.39422916,13.41747963
7/26/2019,87823.60875,294.34,5.2,23.84304246,13.48095974
7/27/2019,86033.60625,295.11,3.4,24.09946125,13.49571581
7/28/2019,89495.23375,293.4,4.69,24.50121213,13.49897615
7/29/2019,94671.6,285.9,3.92,26.15896948,13.52833742
7/30/2019,90573.44375,285.1,5.11,24.5737018,13.4982775
7/31/2019,91573.34,283.75,5.68,24.59993387,13.49626405
8/1/2019,86747.5275,285.63,4.39,23.83325423,13.4841988
8/2/2019,74994.90375,286.11,3.82,20.72851994,13.38517011
8/3/2019,79976.09875,285.91,3.19,22.43298655,13.45121876
8/4/2019,88591.1625,283.56,4.22,24.40059119,13.49825365
8/5/2019,80216.1625,283.59,5.67,21.47672757,13.40040759
8/6/2019,82886.98125,286.05,5.09,22.47247684,13.44048556
8/7/2019,80474.74375,289.41,4.44,22.07355496,13.4316209
8/8/2019,81213.0925,292.24,2.89,22.94421366,13.46865222
8/9/2019,82772.0825,289.06,8.83,21.06323518,13.36014797
8/10/2019,79124.2375,286.07,6.94,20.7126992,13.35990163
8/11/2019,84261.17,286.64,3.74,23.42040379,13.47685957
8/12/2019,79954.26625,289.49,0.6,23.58880795,13.49617257
8/13/2019,79797.47875,291.9,3.7,22.19606958,13.44080364
8/14/2019,81054.46125,292.67,1.51,23.50416439,13.4903118
8/15/2019,76740.79,291.67,2.12,21.97465737,13.44357791
8/16/2019,73347.9375,287.7,4.31,20.06853446,13.35374108
8/17/2019,70499.7375,287.79,6.05,18.62050215,13.26852751
8/18/2019,73743.34125,290.66,3.19,20.63826153,13.38680767
8/19/2019,76380.615,290.64,2.6,21.65945821,13.42972393
8/20/2019,73913.6175,293.26,3.04,20.76131927,13.39312852
8/21/2019,70757.58,293.91,1.5,20.45979962,13.39279692
8/22/2019,71129.47375,291.62,2.9,19.98827437,13.36208692
8/23/2019,73523.07125,290.12,1.86,21.12614372,13.41565792
8/24/2019,72163.95875,290.35,4.22,19.77472558,13.34181614
8/25/2019,72028.86375,288.38,3.01,20.19551682,13.36972743
8/26/2019,71493.6825,289.34,3.1,20.00632915,13.36104383
8/27/2019,66557.53125,289.43,4.99,17.86003254,13.23751424
8/28/2019,74437.7925,285.76,3.93,20.52116435,13.37578008
8/29/2019,69398.81625,287.46,3.58,19.1961307,13.32028973
8/30/2019,69504.34625,289.74,0.94,20.30414669,13.39056785
8/31/2019,66593.07875,290.19,0.17,19.73999879,13.37324376
9/1/2019,64020.825,290.88,1.94,18.23002177,13.28772056
9/2/2019,63372.29,290.87,1.4,18.24203055,13.29337074
9/3/2019,63828.04,290.54,2.79,17.84732952,13.25911585
9/4/2019,60226.5325,289.94,3.57,16.47202525,13.16852023
9/5/2019,55897.57125,288.24,1.12,16.00472428,13.16584034
9/6/2019,56529.88875,290.09,1.24,16.16630798,13.17518813
9/7/2019,62337.56125,289.76,2.77,17.39923099,13.23398496
9/8/2019,60366.345,289,2.46,16.9072812,13.20801655
9/9/2019,57289.6725,290.76,1.11,16.45726459,13.19520198
9/10/2019,55979.04625,291.38,1.86,15.77091133,13.14191558
9/11/2019,56010.51625,290.54,3.39,15.24845078,13.08623541
9/12/2019,55552.24625,290.08,4.17,14.85430211,13.04688249
9/13/2019,53708.45375,289.73,4.61,14.16583187,12.98727879
9/14/2019,58510.51625,285.61,6.56,14.97588646,13.02439907
9/15/2019,57339.81375,282.7,5.94,14.80005741,13.01806063
9/16/2019,53970.7575,284.43,7.63,13.36944935,12.8750816
9/17/2019,54294.7875,282.4,6.61,13.7232539,12.92076564
9/18/2019,52251.64125,281.36,1.78,14.58556585,13.05573404
9/19/2019,50580.5175,280.57,3.39,13.54185687,12.95012357
9/20/2019,49707.1475,278.88,1.39,13.90692525,13.00760135
9/21/2019,52003.515,278.58,3.1,14.05874538,12.99646875
9/22/2019,52196.24625,277.46,7.06,12.95604966,12.84196376
9/23/2019,49848.7825,277.06,6.51,12.41136768,12.79691308
9/24/2019,47817.48375,275.99,3.63,12.59783939,12.86024578
9/25/2019,46816.2625,277,2.87,12.51900108,12.86474482
9/26/2019,47912.34125,279.28,2.4,13.01731638,12.91843903
9/27/2019,45406.415,279.57,2.74,12.12563397,12.82892987
9/28/2019,44726.75125,280.58,0.84,12.50158694,12.89483295
9/29/2019,41827.2975,281.19,4.62,10.53495124,12.62821151
9/30/2019,42001.01625,284.34,6.23,10.24120589,12.56794207
10/1/2019,40046.88375,283.95,5.45,9.836731498,12.53177092
10/2/2019,42214.81875,283.87,6.37,10.27012591,12.56880852
10/3/2019,42151.975,286.31,5.94,10.35971704,12.58782892
10/4/2019,36491.3875,281.53,2.97,9.306714672,12.50732868
10/5/2019,38871.71375,279.12,2.15,10.23388734,12.63466263
10/6/2019,37989.17875,274.27,7.26,8.81475007,12.35564596
10/7/2019,39615.81125,274.14,5.38,9.670250195,12.50761781
10/8/2019,39206.1975,274.09,5.37,9.552218004,12.49274224
10/9/2019,35602.31875,276.23,4.84,8.600903021,12.37157338
10/10/2019,34406.555,278.66,2.99,8.652972295,12.41871328
10/11/2019,34773.1475,279.95,4.92,8.363099807,12.33839889
10/12/2019,33639.6875,281.37,7.81,7.558525505,12.16218582
10/13/2019,33273.99875,281.51,7.09,7.568720583,12.17768643
10/14/2019,32601.12,283.05,5.11,7.712831314,12.23936807
10/15/2019,33509.10625,279.03,3.55,8.250955131,12.34726332
10/16/2019,30426.935,276.67,4.81,7.100477475,12.14248709
10/17/2019,29552.545,283.45,5.72,6.743569014,12.06796641
10/18/2019,30593.625,283.67,3.17,7.469040972,12.23856044
10/19/2019,28431.59125,283.99,3.61,6.748638676,12.11068965
10/20/2019,23159.8525,284.48,4.08,5.165164739,11.79842199
10/21/2019,25494.67375,284.26,4.14,5.820184019,11.93071309
10/22/2019,27980.02875,281.09,3.29,6.655575475,12.09945362
10/23/2019,26501.65375,282.79,5.07,5.973634424,11.94042531
10/24/2019,24695.19375,280.47,2.19,5.853494036,11.97521431
10/25/2019,25769.3975,280.01,3.62,5.954225448,11.96455806
10/26/2019,24476.045,281.98,6.86,5.201045416,11.74670346
10/27/2019,22932.8125,283.6,8.91,4.621898246,11.57867167
10/28/2019,25998.4775,276.77,5.67,5.724837359,11.87457733
10/29/2019,22818.21125,274.77,2.39,5.250497023,11.8467993
10/30/2019,23989.565,270.86,6.73,5.02964607,11.70119895
10/31/2019,23519.74125,269.42,3.53,5.277539355,11.82400348
11/1/2019,22814.56875,271.7,6.49,4.749579446,11.6446048
11/2/2019,21626.6175,273.25,3.66,4.742677155,11.70700243
11/3/2019,19359.4225,273.76,8.6,3.72137698,11.34920806
11/4/2019,18405.82625,277.3,7.3,3.593425733,11.34766145
11/5/2019,17227.71625,281.38,7.13,3.338065684,11.28755
11/6/2019,18211.01625,280.99,5.6,3.679146261,11.41049385
11/7/2019,18237.58875,276.8,3.09,3.881421752,11.51371156
11/8/2019,15510.71625,274.85,1.58,3.275303151,11.38275936
11/9/2019,17222.48875,275.1,5.82,3.394218168,11.32200196
11/10/2019,14883.78125,278.75,5.69,2.851658084,11.17323655
11/11/2019,14151.54125,278.77,6.2,2.656397513,11.10351068
11/12/2019,16501.36875,275.43,5.07,3.268036782,11.30333098
11/13/2019,15919.58375,273.74,4.32,3.168647522,11.28959929
11/14/2019,15771.85,273.49,5.83,3.036429085,11.21814233
11/15/2019,15715.8925,272.44,5.05,3.066506773,11.24253908
11/16/2019,11697.47125,273.86,4.92,2.141483646,10.95482741
11/17/2019,13017.64625,276.72,3.63,2.510002051,11.10762974
11/18/2019,11983.7975,275.63,2.34,2.326015358,11.07385299
11/19/2019,11531.61125,274.71,2.92,2.188893393,11.01397174
11/20/2019,13478.6775,270.79,5.88,2.492308421,11.04688204
11/21/2019,13837.4075,266.03,4.37,2.636631922,11.11993573
11/22/2019,14095.6725,263.92,3.23,2.761649964,11.18349267
11/23/2019,13720.9125,265.23,3.37,2.664646611,11.15108066
11/24/2019,13556.58,265.92,3.79,2.602170673,11.12220906
11/25/2019,12831.5775,265.75,3.77,2.431262058,11.06721237
11/26/2019,12287.56125,266.64,4.09,2.291540163,11.01446917
11/27/2019,9815.22625,269.37,3.63,1.764011008,10.84019775
11/28/2019,10576.86625,269.89,3.92,1.921449852,10.89284091
11/29/2019,9179.34375,272.98,6.96,1.553558302,10.70071759
11/30/2019,9462.195,272.54,2.93,1.715955228,10.8404243
12/1/2019,11201.09875,266.98,4.63,2.025989363,10.91125824
12/2/2019,10567.555,267.83,6.33,1.837422894,10.80918306
12/3/2019,10226.88,267.29,2.83,1.879481261,10.89822881
12/4/2019,10235.75,269.37,6.52,1.767715735,10.78259977
12/5/2019,9464.64125,273.31,7.01,1.609857331,10.72189525
12/6/2019,9421.5625,271.93,8.37,1.571095841,10.67999141
12/7/2019,7991.00375,270.56,6.23,1.330247432,10.6208709
12/8/2019,9106.6125,271.84,7.54,1.525351003,10.67711139
12/9/2019,8576.98125,273.34,7.51,1.426749539,10.64260855
12/10/2019,8502.3975,273.63,4.58,1.470049756,10.71321209
12/11/2019,8778.895,269.44,0.46,1.646908174,10.86459267
12/12/2019,8214.39875,270.78,3.92,1.421355852,10.70209373
12/13/2019,8774.3025,270.4,5.18,1.505463259,10.71058572
12/14/2019,8164.60125,269.55,5.92,1.367554751,10.63980627
12/15/2019,7590.61375,271.53,5.63,1.264972067,10.60665898
12/16/2019,7997.6175,272.21,6.08,1.337224305,10.62963555
12/17/2019,7557.65375,272.4,4.6,1.278114989,10.63244015
12/18/2019,7192.3725,273.16,5.05,1.200378562,10.59277206
12/19/2019,8579.8575,273.79,11.55,1.371714062,10.55742439
12/20/2019,8460.93875,270.06,3.98,1.469250852,10.71925723
12/21/2019,7907.76125,271.56,5.15,1.335363129,10.64461544
12/22/2019,6946.00625,273.79,5.65,1.145304614,10.55999032
12/23/2019,7018.1725,274.6,5.19,1.167032435,10.57868718
12/24/2019,6821.3575,273.95,4.36,1.140892241,10.58069075
12/25/2019,7309.55375,272.12,2.96,1.26039673,10.65553649
12/26/2019,7367.5775,271.36,1.86,1.29623522,10.69187534
12/27/2019,7026.24875,269.37,2.27,1.214004049,10.64584683
12/28/2019,7981.92625,268.28,4.88,1.34953527,10.64999773
12/29/2019,8037.7475,265.16,1.06,1.45484659,10.77042638
12/30/2019,8075.41125,268.26,9.64,1.291386566,10.54045516
12/31/2019,8654.82375,272.78,6.72,1.454723753,10.66628788
1/1/2020,9369.63,268.56,5.31,1.619767872,10.74951947
1/2/2020,8491.79875,271.48,5.94,1.435051663,10.67017816
1/3/2020,8933.6625,269.73,6.98,1.49774859,10.67222262
1/4/2020,8496.58625,269.3,6.51,1.420672453,10.6497015
1/5/2020,9176.4775,268.18,4.51,1.600068582,10.75752519
1/6/2020,9835.94375,267.38,2.06,1.821918319,10.89415928
1/7/2020,9659.48,268.63,4.76,1.694754132,10.78944224
1/8/2020,9956.38,270.2,6.21,1.720543978,10.77267957
1/9/2020,9858.3525,271.15,5.7,1.71582653,10.78253158
1/10/2020,9768.00125,268.11,3.75,1.747450722,10.82982003
1/11/2020,9737.11125,266.17,1.92,1.803239672,10.88922959
1/12/2020,10644.9675,268.15,7.24,1.82932592,10.78866472
1/13/2020,11047.56375,271.97,6.81,1.934004158,10.8417116
1/14/2020,11419.18125,268.31,4.02,2.101457448,10.95280725
1/15/2020,10743.81625,271.5,9.67,1.801258734,10.74030015
1/16/2020,11158.7575,273.39,8.61,1.912915451,10.80314329
1/17/2020,11632.4,273.02,5.36,2.108627477,10.93334133
1/18/2020,12456.26875,268.32,4.93,2.296415249,10.99964941
1/19/2020,12628.0775,269.1,5.37,2.318263317,10.99850319
1/20/2020,12459.96,272.12,7.38,2.214388564,10.9272545
1/21/2020,13030.44,273.17,9.07,2.283380133,10.91931118
1/22/2020,13226.27875,271.23,6.74,2.401053553,11.00014565
1/23/2020,15311.5275,265.23,6.16,2.880711337,11.15366936
1/24/2020,14604.5125,270.07,7.24,2.681917421,11.07678624
1/25/2020,14879.43875,272.45,8.17,2.710705059,11.07046394
1/26/2020,16115.03,270.5,7.19,3.029835089,11.18295457
1/27/2020,16085.04125,267.83,2.06,3.37126706,11.39418514
1/28/2020,16295.58,265.31,4.63,3.213385433,11.28658491
1/29/2020,15532.34125,268.85,2.93,3.156880515,11.31327999
1/30/2020,17006.16625,268.64,4.83,3.387029266,11.33457697
1/31/2020,17469.30375,267.89,0.85,3.877631136,11.55977303
2/1/2020,17777.77,265.87,2.02,3.831152308,11.51828294
2/2/2020,18149.0725,271.96,5.9,3.605612455,11.37406566
2/3/2020,19373.43625,272.36,6.5,3.867413143,11.43029124
2/4/2020,20598.64,268.5,7.87,4.047386971,11.44115446
2/5/2020,21473.3075,263.88,5.91,4.419629994,11.57190479
2/6/2020,21538.5925,263.58,5.6,4.466765113,11.59017152
2/7/2020,22733.405,261.08,8.04,4.526507853,11.54496245
2/8/2020,22861.8025,257.14,2.5,5.191152934,11.82264288
2/9/2020,20997.8025,267.37,7.02,4.21070833,11.49940774
2/10/2020,22378.5875,269.19,11.05,4.246750638,11.42321748
2/11/2020,23494.1325,271.36,8.79,4.704552391,11.58360914
2/12/2020,23285.1125,269.59,6.23,4.890699862,11.68017938
2/13/2020,24539.65875,266.33,3.24,5.600629816,11.8955285
2/14/2020,25549.4425,269.45,4.01,5.791210852,11.91829425
2/15/2020,26614.74,267.63,2.18,6.387745196,12.06915295
2/16/2020,26078.3325,270.19,8.16,5.418983447,11.75276425
2/17/2020,25791.8425,273.68,11.12,5.085113075,11.62365556
2/18/2020,28578.18875,273.62,6.95,6.250267317,11.94683414
2/19/2020,28721.8325,273.22,6.09,6.404563908,11.99268165
2/20/2020,29168.54,271.09,4.51,6.759715813,12.0871903
2/21/2020,30176.81875,270.05,3.53,7.220630929,12.18497994
2/22/2020,29987.32625,270.9,6.81,6.638681421,12.01808327
2/23/2020,31229.64125,272.37,8.4,6.764197736,12.00911116
2/24/2020,32976.19625,271.49,4.81,7.816970301,12.25497541
2/25/2020,34862.4425,267.59,4.7,8.369474471,12.33737414
2/26/2020,32712.5125,269.51,3.87,7.909384223,12.28685773
2/27/2020,32935.19875,272.03,2.05,8.381555923,12.39639296
2/28/2020,36319.845,270.28,5.3,8.687920816,12.37217429
2/29/2020,35876.91625,269.46,5.54,8.509170931,12.34214288
3/1/2020,35594.0425,271.81,7.62,8.068509564,12.23845723
3/2/2020,37465.51875,273.67,6.66,8.77408104,12.36067851
3/3/2020,35591.135,273.49,3.88,8.797705699,12.41999276
3/4/2020,36432.84625,273.8,3.03,9.24278515,12.49541407
3/5/2020,35369.1075,273.8,8.44,7.886036812,12.19576447
3/6/2020,37890.60375,274.17,6.16,8.992505792,12.39999312
3/7/2020,35338.0125,274.94,4.22,8.657620905,12.39480076
3/8/2020,40207.6475,274.86,3.2,10.36211008,12.63031939
3/9/2020,38288.3725,276.35,3.14,9.795497883,12.56415331
3/10/2020,39439.0075,275.85,1.17,10.66695146,12.69987384
3/11/2020,36439.9175,276.19,2.2,9.45123085,12.53802896
3/12/2020,46613.7175,276.95,8.27,11.06560745,12.62557996
3/13/2020,47367.92,276.15,11.86,10.53891061,12.49831171
3/14/2020,48167.7675,273.79,3.59,12.70744067,12.87074996
3/15/2020,51645.23875,268.48,7.25,12.68246731,12.8085699
3/16/2020,52882.90375,272.64,6.42,13.29900819,12.88214569
3/17/2020,48845.53875,275.05,4.24,12.72913462,12.86305837
3/18/2020,50692.40125,276.47,8.03,12.26649187,12.75763803
3/19/2020,50611.41625,277.03,6.41,12.66231128,12.82339788
3/20/2020,54451.7825,274.59,5.58,14.01207771,12.95738307
3/21/2020,55776.27625,271.05,5.02,14.55082229,13.00780822
3/22/2020,58569.605,269.56,6.45,14.91942084,13.01676728
3/23/2020,58254.58375,269.71,5.61,15.0881076,13.04102938
3/24/2020,57868.86625,270.96,4.61,15.30464919,13.07080729
3/25/2020,58383.655,274.23,5.99,15.03556848,13.03317488
3/26/2020,60146.4175,276.38,4.63,16.01133048,13.12254827
3/27/2020,60428.21,278.9,0.81,17.52647276,13.2602392
3/28/2020,57053.1375,280.3,3.61,15.44357626,13.09581812
3/29/2020,55237.8725,279.41,2.9,15.12416151,13.08134001
3/30/2020,54112.555,272.04,7.95,13.23442044,12.85244736
3/31/2020,63496.35625,268.7,6.25,16.40831688,13.12807856
4/1/2020,66545.88625,271.11,7.53,16.88213696,13.1449333
4/2/2020,65773.4675,273.9,6.65,16.96894859,13.16183667
4/3/2020,62621.23375,276.81,7.72,15.74704651,13.06463069
4/4/2020,67234.24125,274.76,4.83,18.03044645,13.2463261
4/5/2020,68842.18125,272.89,5.18,18.36077787,13.26063352
4/6/2020,71408.53875,271.91,4.57,19.32552209,13.31567977
4/7/2020,70283.7825,275.59,3.81,19.30933747,13.32224608
4/8/2020,58136.8775,278.47,4.96,15.31251325,13.06852104
4/9/2020,71181.445,280,5.19,19.07406646,13.2987977
4/10/2020,72183.35625,276.82,5.54,19.2141312,13.30199528
4/11/2020,71511.74375,273.33,4.78,19.28346006,13.31191784
4/12/2020,74998.35875,274.02,1.55,21.64730381,13.43545086
4/13/2020,70269.025,279.34,6.58,18.31580892,13.24497815
4/14/2020,67009.17375,277.1,3.89,18.32373675,13.27226001
4/15/2020,76529.6625,274.43,4.91,20.67566062,13.37311684
4/16/2020,76552.6675,275.74,5.72,20.37830974,13.35404292
4/17/2020,78263.09875,275.32,6.81,20.44852117,13.34789881
4/18/2020,78862.53,275.09,5.38,21.1567938,13.38903177
4/19/2020,78604.7975,274.75,0.98,22.97944636,13.47921451
4/20/2020,77031.78125,275.2,4.57,20.95859115,13.38747003
4/21/2020,80358.3125,277.2,7.35,20.84177284,13.36065446
4/22/2020,82781.90875,275.34,8.14,21.20220469,13.36903406
4/23/2020,84621.3075,275.98,4.2,23.27276388,13.46957895
4/24/2020,83774.99375,276.2,1.53,24.21799134,13.50512941
4/25/2020,79955.53,276.37,2.13,22.85198993,13.46948429
4/26/2020,86761.56,277.13,1.56,25.03864179,13.51899174
4/27/2020,83699.9575,277.63,2.29,23.85742096,13.49440672
4/28/2020,85692.24875,277.87,2.18,24.46607387,13.50750562
4/29/2020,79682.0925,280.3,6.89,20.84514508,13.36500806
4/30/2020,86707.65375,277.3,2.16,24.75353796,13.51266518
5/1/2020,87842.2725,277.89,4.12,24.2100775,13.49412827
5/2/2020,89724.57875,281.5,4.95,24.39108563,13.49468236
5/3/2020,83933.30125,287.08,4.24,23.12005519,13.46577078
5/4/2020,80427.46625,286.84,3.39,22.48197178,13.45158535
5/5/2020,82931.5675,288.25,4.07,22.91524654,13.46083553
5/6/2020,83036.9875,287.29,4.01,22.96515718,13.46259225
5/7/2020,89471.6425,285.79,5.4,24.16061194,13.4873737
5/8/2020,84854.91375,281.48,1.66,24.47819527,13.50963888
5/9/2020,86301.41625,282.93,3.88,23.91218661,13.48850152
5/10/2020,90368.57875,282.49,6.86,23.79394921,13.46977242
5/11/2020,97087.83,285.41,2.61,27.35592551,13.53981377
5/12/2020,89228.8875,287.71,6.33,23.73135761,13.47144657
5/13/2020,97390.57625,279.57,6.84,25.63131957,13.5122208
5/14/2020,90963.245,281.14,4.13,25.06812387,13.51171733
5/15/2020,94762.005,279.58,3.55,26.31332811,13.53066195
5/16/2020,97229.87,280.74,5.41,26.17435193,13.52492581
5/17/2020,94434.155,282.32,7.08,24.78514865,13.49401362
5/18/2020,97895.27625,279.99,5.78,26.18939509,13.52416056
5/19/2020,96859.82625,279.4,5.51,26.03081632,13.52265574
5/20/2020,95744.8725,280.62,2.86,26.87729121,13.53676015
5/21/2020,96854.0775,277.61,4.78,26.32301385,13.52818073
5/22/2020,99723.95625,278.31,4.19,27.31258034,13.53826608
5/23/2020,101141.205,278.81,2.8,28.26836205,13.54804509
5/24/2020,99431.2075,279.36,1.62,28.35765521,13.5481871
5/25/2020,96163.495,284.23,2.92,26.97376759,13.53741082
5/26/2020,95226.11125,285.41,1.59,27.31156299,13.5459363
5/27/2020,89089.83125,284.68,1.89,25.55103596,13.52535805
5/28/2020,95451.38,287.53,2.24,27.10215801,13.5388066
5/29/2020,89007.94625,287.8,3.81,24.70826239,13.50647528
5/30/2020,94786.15125,291.22,7.11,24.92563226,13.4977546
5/31/2020,97537.57875,283.17,7.52,25.42395615,13.50595374
6/1/2020,102578.515,282.44,7.25,26.79699866,13.52847983
6/2/2020,94395.58125,281.88,7.7,24.52792139,13.484772
6/3/2020,96857.17125,285.9,6.23,25.77670497,13.51706004
6/4/2020,101552.1913,287.26,3.67,28.03936082,13.54183469
6/5/2020,97977.2275,285.66,4.53,26.7567568,13.5335116
6/6/2020,100710.7788,288.63,3.01,28.10636266,13.54771077
6/7/2020,93538.33625,293.25,0.42,27.41166503,13.54722799
6/8/2020,96655.7925,294.31,2.61,27.27648318,13.53951399
6/9/2020,95000.22625,294.1,3.86,26.30773229,13.53034437
6/10/2020,97023.2975,293.06,3,27.19657038,13.53881794
6/11/2020,97503.705,295.57,2.01,27.74640831,13.5473182
6/12/2020,95007.73375,291.47,4.54,26.01398098,13.52530904
6/13/2020,101933.4713,284.43,7.23,26.65706201,13.52687585
6/14/2020,102455.4938,286.79,6.33,27.15768307,13.53431388
6/15/2020,98424.39625,290.67,4.4,26.95003646,13.53553512
6/16/2020,96990.235,293.07,2.31,27.49163757,13.54052784
6/17/2020,99680.005,295.05,1.78,28.39600443,13.54818474
6/18/2020,97947.82125,294.95,1.46,28.09579576,13.54813554
6/19/2020,97872.845,295.29,2.06,27.81824718,13.54748895
6/20/2020,96321.43,293.42,2.56,27.20820626,13.53919747
6/21/2020,100815.1,287.07,4.76,27.38939368,13.53831139
6/22/2020,108059.0338,289.1,3.07,29.88150712,13.54428918
6/23/2020,100924.97,289.51,1.57,28.7829583,13.54757628
6/24/2020,105665.3563,290.17,4.26,28.82324014,13.54254647
6/25/2020,97302.13625,291.42,2.8,27.34976526,13.53972912
6/26/2020,98668.70125,292.3,1.69,28.17126005,13.54816075
6/27/2020,98045.08625,294.29,4.73,26.73409025,13.5331648
6/28/2020,93819.19,292.98,2.21,26.70469006,13.53639176
6/29/2020,105785.0225,287.9,3.67,29.07800533,13.54796155
6/30/2020,103732.165,289.53,4.88,28.08160999,13.54171211
7/1/2020,100083.545,291.13,4.25,27.43774087,13.53915661
7/2/2020,97505.9325,292.41,4.01,26.88624867,13.5355782
7/3/2020,97841.9675,293.65,2.64,27.56806585,13.5407021
7/4/2020,91287.3225,293.91,2.45,25.92872382,13.528869
7/5/2020,99492.49875,292.32,2.1,28.20229455,13.54813681
7/6/2020,100589.7213,294.56,3.09,28.07768852,13.5419137
7/7/2020,97316.925,296.14,2.7,27.41532655,13.54011086
7/8/2020,87252.88125,293.49,1.58,25.21573158,13.52181984
7/9/2020,99647.74125,287.94,4.37,27.26150173,13.53788199
7/10/2020,101009.705,288.94,2.67,28.32740289,13.54815634
7/11/2020,96104.7425,292.6,6.07,25.68676474,13.51643183
7/12/2020,94043.79875,294.71,0.73,27.40912858,13.54704016
7/13/2020,92945.62375,292.69,1.72,26.69095763,13.53679942
7/14/2020,86653.9675,289.52,6.3,23.05507723,13.45190153
7/15/2020,95362.24375,289.88,4.27,26.21053487,13.52830727
7/16/2020,95817.065,287.71,4.71,26.13501649,13.52634087
7/17/2020,92232.7825,288.82,3.65,25.64424383,13.52244459
7/18/2020,95088.25125,288.71,2.91,26.71472077,13.53558226
7/19/2020,93956.35375,289.75,2.05,26.80126373,13.5371876
7/20/2020,91042.40125,290.95,2.54,25.81275951,13.52727912
7/21/2020,89137.805,290.16,3.78,24.76725251,13.50782051
7/22/2020,93820.50125,289.35,5.27,25.39474442,13.51394679
7/23/2020,93680.45625,286.87,4.61,25.61499205,13.51936234
7/24/2020,94103.98,286.16,3.14,26.34595175,13.53188213
7/25/2020,93082.3975,288.55,2.68,26.28627511,13.5321185
7/26/2020,89056.745,290.82,3.03,25.06598154,13.51553162
7/27/2020,84562.14625,292.06,2.21,24.18894982,13.50243028
7/28/2020,88111.01625,293.58,3.74,24.52083562,13.50327378
7/29/2020,84095.85625,293.73,3.79,23.38746041,13.47614809
7/30/2020,89366.29625,290.47,5.26,24.21636903,13.48972405
7/31/2020,90041.18625,287.92,4.7,24.61542331,13.50107719
8/1/2020,88288.48875,288.23,0.64,25.91364206,13.53179689
8/2/2020,87240.43,286.8,3.59,24.31393216,13.49922652
8/3/2020,86903.52125,288.41,3.08,24.44715104,13.50413409
8/4/2020,86953.36875,290.77,2.56,24.69480671,13.51074822
8/5/2020,83207.8425,292.25,2.97,23.47815909,13.48265521
8/6/2020,81403.5275,292.68,1.94,23.41380508,13.48610314
8/7/2020,85049.30375,291.24,3.26,23.86737808,13.4907955
8/8/2020,84333.71,291.28,3.13,23.72271377,13.4879307
8/9/2020,81419.47,290.71,3.42,22.77102114,13.46050318
8/10/2020,83069.5675,291.82,1.73,23.97910462,13.49997574
8/11/2020,82923.47375,288.59,4.15,22.88142657,13.45938185
8/12/2020,77549.4325,286.59,4.27,21.28981956,13.40399827
8/13/2020,81145.89875,286.04,5.22,21.93112568,13.42094435
8/14/2020,78994.72625,285.25,4.1,21.76749732,13.4228294
8/15/2020,75262.9275,285.84,2.94,21.16706404,13.40907608
8/16/2020,75413.83,289.67,2.7,21.32885998,13.41713197
8/17/2020,79992.6025,289.74,3.5,22.32469095,13.4461079
8/18/2020,81760.68125,287.54,2.42,23.28562177,13.4802372
8/19/2020,77026.65375,288.05,1.14,22.47912977,13.4649275
8/20/2020,76712.48125,287.33,1.72,22.12499697,13.45068759
8/21/2020,77402.34375,287.95,2.06,22.18100339,13.45038574
8/22/2020,74983.33125,289.72,2.12,21.44805946,13.42549141
8/23/2020,73859.76,290.11,2.87,20.80096727,13.39573281
8/24/2020,69907.4825,289.48,4.2,19.12274255,13.31153834
8/25/2020,71315.49125,290.45,2.33,20.26839483,13.3783162
8/26/2020,69047.40625,288.01,3.31,19.1981823,13.3228091
8/27/2020,71066.63875,288.07,2.81,19.98998859,13.36256705
8/28/2020,69037.8175,288.57,2.67,19.44591112,13.33979178
8/29/2020,71315.8325,287.8,3.84,19.65945477,13.33951731
8/30/2020,60164.19125,290.86,4.27,16.21854282,13.14388624
8/31/2020,66284.2525,293.47,6.11,17.42620428,13.20106512
9/1/2020,65262.25,289.69,2.88,18.24226249,13.27934371
9/2/2020,64932.08,286.51,4.81,17.42858771,13.21374325
9/3/2020,65257.41625,287.91,5.59,17.26531551,13.19569232
9/4/2020,59009.63125,288.13,4.81,15.67818583,13.09931924
9/5/2020,60384.20375,287.34,3.73,16.45103046,13.16489719
9/6/2020,61041.015,288.72,3.45,16.75508038,13.18773214
9/7/2020,58413.25625,290.25,1.96,16.49169011,13.18791174
9/8/2020,59760.4,285.12,4.31,16.05221651,13.13101048
9/9/2020,60723.785,284.92,4.7,16.20855196,13.13697294
9/10/2020,57745.1175,285.54,6.89,14.66040401,12.99550832
9/11/2020,58820.9775,284.31,6.32,15.12785402,13.03869376
9/12/2020,54744.22,284.4,3.92,14.65963837,13.03401167
9/13/2020,49785.47,285.06,5.75,12.64661012,12.83505527
9/14/2020,58014.96,284.14,5.79,15.05131047,13.03966224
9/15/2020,57358.20875,283.74,5.24,15.02403203,13.04457453
9/16/2020,55884.045,283.46,1.49,15.84718455,13.15052792
9/17/2020,50655.0475,286.58,6.18,12.79962657,12.8438889
9/18/2020,53024.06625,281.09,4.44,13.96480901,12.97104273
9/19/2020,52615.845,281.04,5.65,13.49083665,12.91367258
9/20/2020,52206.56125,280.15,5.58,13.38401958,12.90490434
9/21/2020,46529.5475,282.53,6.51,11.47710716,12.70217124
9/22/2020,44850.60125,285.96,7.01,10.9027932,12.63269214
9/23/2020,49603.22,286.36,3.07,13.36628067,12.94082512
9/24/2020,45952.9475,285.67,2.63,12.35698073,12.85475781
9/25/2020,43644.85125,285.49,3.75,11.32118463,12.73088796
9/26/2020,37964.56,285.61,4.79,9.37228846,12.48516338
9/27/2020,43153.5425,284,5.31,10.78157235,12.64593319
9/28/2020,40120.76125,282.37,5.18,9.907869933,12.54450776
9/29/2020,40823.96875,283.61,4.19,10.34862544,12.61473093
9/30/2020,44977.34625,283.62,4.76,11.45511387,12.72833705
10/1/2020,44101.75125,284.02,4.79,11.18761622,12.69927751
10/2/2020,40274.505,283.66,3.89,10.25415523,12.60873588
10/3/2020,38225.1925,283.8,3.61,9.699351485,12.54650902
10/4/2020,38937.46625,283.55,4.32,9.752577673,12.5406972
10/5/2020,37536.67875,284.22,4.63,9.271731165,12.47429427
10/6/2020,37663.535,284.16,5.07,9.217858093,12.45940784
10/7/2020,36108.02,283.33,5.33,8.690741812,12.3786637
10/8/2020,33983.42625,283.91,5.11,8.119559368,12.30168735
10/9/2020,32491.895,281.61,4.54,7.774738785,12.25908609
10/10/2020,32365.11875,283.12,2.87,8.059075391,12.33374646
10/11/2020,33266.7025,281.73,3.43,8.213926163,12.34526924
10/12/2020,23064.71125,282.79,2.75,5.300156847,11.8536872
10/13/2020,28159.595,284.61,3.24,6.731315692,12.11532893
10/14/2020,28340.8625,285.53,2.41,6.931071938,12.16617027
10/15/2020,32632.86125,283.23,5.5,7.655880409,12.22309214
10/16/2020,31386.4775,276.86,2.84,7.744645645,12.28514905
10/17/2020,31503.4425,275.23,1.56,8.052956862,12.35917827
10/18/2020,29214.69375,275.36,5.38,6.656994164,12.05398727
10/19/2020,30756.86,275.59,6.36,6.94364545,12.08410081
10/20/2020,29933.14875,274.42,6.37,6.706534448,12.04187123
10/21/2020,29049.96375,273.08,3.02,6.98922995,12.15838468
10/22/2020,24952.08,275.94,4.36,5.599535454,11.876633
10/23/2020,26431.16125,282.29,7.21,5.68548712,11.83984528
10/24/2020,26338.40625,280.18,4.12,6.046671761,11.97185359
10/25/2020,25277.2725,278.38,2.92,5.9077158,11.96934698
10/26/2020,19782.285,278.86,1.46,4.499175126,11.70336736
10/27/2020,20786.94125,278.7,5.47,4.346486705,11.57914146
10/28/2020,21307.6875,277.69,5.41,4.486071158,11.61282867
10/29/2020,19095.455,276.37,3.92,4.032787686,11.5334828
10/30/2020,18886.5925,275.71,2.34,4.133190385,11.59371061
10/31/2020,18757.45875,277.44,2.73,4.061329464,11.56803036
11/1/2020,19357.21375,275.89,5.93,3.923555451,11.46124648
11/2/2020,18077.62625,276.9,4.17,3.742528611,11.45369631
11/3/2020,19091.26625,278,3.36,4.091514809,11.56195459
11/4/2020,19268.8875,278.26,4.35,4.04600687,11.5289835
11/5/2020,19234.25125,277.86,6.4,3.863952934,11.43818914
11/6/2020,19053.165,277.44,7.52,3.736465229,11.38105915
11/7/2020,18852.4,277.75,6.34,3.772260296,11.41557029
11/8/2020,17492.88375,278.16,6.18,3.44842833,11.33302716
11/9/2020,18384.49,272.77,6.4,3.630815318,11.37084215
11/10/2020,17585.09375,273.53,6.28,3.445992581,11.32439716
11/11/2020,16937.9825,271.55,4.11,3.434216967,11.36695245
11/12/2020,15909.54125,272.63,3.47,3.223330833,11.32319659
11/13/2020,14510.52375,272.8,1.6,3.003221577,11.30200909
11/14/2020,14522.3725,273.11,1.14,3.043403813,11.32479973
11/15/2020,14845.6325,271.73,3.88,2.925366871,11.22594689
11/16/2020,14633.27625,269.45,4.89,2.806135757,11.16484726
11/17/2020,15072.295,266.3,5.21,2.882156697,11.17693416
11/18/2020,13249.22625,268.26,8.41,2.334538242,10.93914976
11/19/2020,12112.9525,270.93,10.56,2.048840728,10.80874414
11/20/2020,12834.2075,271.23,8.12,2.26630052,10.9282372
11/21/2020,12772.5475,269.6,2.95,2.47031948,11.10260192
11/22/2020,13014.0825,268.77,6.92,2.339956711,10.97241826
11/23/2020,12187.71625,271.65,4.43,2.265949268,11.00449217
11/24/2020,11603.34875,272.57,4.01,2.153320855,10.97618487
11/25/2020,12043.55125,268.56,2.89,2.297451899,11.04559775
11/26/2020,11591.425,268.71,3.52,2.162776055,10.98559929
11/27/2020,9906.05625,270.29,4.09,1.770592798,10.83421062
11/28/2020,10716.725,268.87,2.14,2.023059171,10.96743704
11/29/2020,9828.15375,272.75,7.01,1.681244128,10.74757976
11/30/2020,9677.4,271.93,6.92,1.651083477,10.73637045
12/1/2020,9399.0175,268.23,3.84,1.665907236,10.7969812
12/2/2020,9017.625,262.6,3.01,1.600396729,10.78256058
12/3/2020,9005.66125,262.85,4.69,1.549979692,10.72607677
12/4/2020,8594.955,265.17,5,1.463534811,10.68883803
12/5/2020,8920.44125,261.66,4.92,1.524527995,10.70919972
12/6/2020,9660.77875,256.45,4.06,1.692345833,10.78658359
12/7/2020,9654.41375,256.49,3.45,1.711612482,10.80848454
12/8/2020,9271.66625,256.92,3.79,1.619978098,10.7653449
12/9/2020,8832.02,258.06,4.23,1.518062982,10.71632541
12/10/2020,9240.91875,256.85,4.12,1.603348654,10.75103575
12/11/2020,8835.75,257.94,4.18,1.519981497,10.71805423
12/12/2020,8523.3975,257.87,4.54,1.447143813,10.68038656
12/13/2020,7640.75375,264.47,5.75,1.260437145,10.58913553
12/14/2020,8057.63375,265.68,4.42,1.369828395,10.66333944
12/15/2020,8203.585,263.99,0.45,1.51135784,10.80702448
12/16/2020,8083.68125,264.96,3.61,1.392568733,10.68847977
12/17/2020,8498.7075,271.61,6.6,1.424077902,10.6540035
12/18/2020,8322.77875,267.34,0.93,1.524392821,10.80352524
12/19/2020,8383.58625,266.14,4.62,1.431521472,10.68523208
12/20/2020,8206.46875,266.85,4.43,1.40142577,10.67793632
12/21/2020,7805.69125,268.88,5.72,1.300298622,10.61471147
12/22/2020,8561.4225,264.34,5.02,1.454830952,10.68356067
12/23/2020,8695.59375,262.6,5.72,1.462580762,10.6692601
12/24/2020,8344.66375,264.54,5.55,1.400717722,10.65123322
12/25/2020,8294.145,267.23,8.12,1.35056009,10.58780782
12/26/2020,8662.58125,268.38,5.63,1.469162886,10.68400602
12/27/2020,8888.795,262.87,3.04,1.572454255,10.77113535
12/28/2020,8716.60875,258.43,3.77,1.50767092,10.7230999
12/29/2020,8304.63,260.27,7.7,1.345481089,10.57741641
12/30/2020,8473.4775,267.44,4.85,1.446714352,10.68880568
12/31/2020,7841.91,270.24,6.05,1.304014863,10.61276499
1/1/2021,7660.0375,269.65,5.37,1.279611151,10.61405727
1/2/2021,8523.63375,268.3,2.91,1.507502331,10.754368
1/3/2021,9093.5775,267.18,3.47,1.610187355,10.7818528
1/4/2021,8286.91,266.79,3.57,1.438114874,10.71050193
1/5/2021,8817.93125,267.28,2.36,1.585481737,10.79621656
1/6/2021,9282.12875,264.66,1.7,1.707124973,10.85624693
1/7/2021,9345.9675,263.44,2.79,1.67978796,10.81952849
1/8/2021,9704.93375,263.74,5.77,1.666150172,10.74978332
1/9/2021,10358.78125,262.02,5.3,1.810970019,10.81150405
1/10/2021,10707.02375,259.87,4.33,1.913489406,10.86793288
1/11/2021,10737.64625,258.29,2.27,2.003535219,10.94796928
1/12/2021,10362.1525,257.71,2.42,1.910030944,10.90955871
1/13/2021,11446.79,258.23,6.51,1.990685619,10.84387029
1/14/2021,11870.57625,253.76,5.49,2.106447081,10.90122869
1/15/2021,11944.53,253.19,2.79,2.247685668,11.01645983
1/16/2021,12093.19125,254.83,6.21,2.12895607,10.8937547
1/17/2021,13099.10125,249.38,3.43,2.474230653,11.07259523
1/18/2021,12354.39875,249.37,1.14,2.442282197,11.12293453
1/19/2021,12192.39625,256.14,2.05,2.354626746,11.07429177
1/20/2021,14013.96,257.9,4.45,2.651315066,11.11338132
1/21/2021,13498.72625,256.37,4,2.551935109,11.0908526
1/22/2021,13219.53375,266.82,4.11,2.507234491,11.08540577
1/23/2021,13258.47,271.46,4.4,2.513849908,11.08645533
1/24/2021,13916.63875,273.36,5.61,2.612687627,11.09437876
1/25/2021,13548.1475,272.11,7.12,2.459501339,11.01265919
1/26/2021,13780.42625,271.51,8.03,2.472740109,10.99744384
1/27/2021,16311.8,270.49,6.46,3.116937434,11.22394286
1/28/2021,15376.60875,270.02,4.35,3.020592894,11.24193819
1/29/2021,16890.30625,269.89,6.95,3.222328267,11.24262905
1/30/2021,17442.08125,266.82,6.86,3.346804863,11.27536765
1/31/2021,17891.46125,265.98,4.31,3.64440882,11.41432407
2/1/2021,19264.0075,264.88,6.41,3.815425464,11.40973989
2/2/2021,19445.11875,260.24,1.94,4.294634345,11.6342225
2/3/2021,18338.18,262.07,4.35,3.743108224,11.43606267
2/4/2021,19503.88,265.79,2.55,4.25371102,11.61250133
2/5/2021,21920.8675,260.28,6.58,4.453617863,11.56054353
2/6/2021,22721.935,255.75,6.46,4.652565572,11.60583925
2/7/2021,22871.5275,256.88,6.12,4.733649247,11.63416881
2/8/2021,23218.36125,253.87,1.41,5.459546151,11.90394248
2/9/2021,22794.0325,253.13,4.62,4.87129353,11.69861849
2/10/2021,23726.7425,256.78,4.11,5.208856339,11.78761428
2/11/2021,23749.6325,256.89,2.86,5.39451925,11.85679528
2/12/2021,24536.3875,256.77,10.26,4.750843707,11.54068512
2/13/2021,25775.27125,256.6,8.22,5.258920809,11.70200961
2/14/2021,26666.65,255.85,6.46,5.699871857,11.83408941
2/15/2021,28633.85625,251.31,4.3,6.552518074,12.04362599
2/16/2021,28587.225,255.03,6.44,6.222449495,11.93682233
2/17/2021,27509.485,259.17,2.08,6.649505367,12.11455135
2/18/2021,29079.84875,254.89,3.41,6.855530699,12.11889041
2/19/2021,30462.705,252.77,4.46,7.059065324,12.12921033
2/20/2021,29253.525,258.61,1.23,7.360582793,12.2521425
2/21/2021,27240.04875,262.07,1.67,6.654433491,12.12550533
2/22/2021,31364.39875,252.79,4.84,7.250935288,12.15303886
2/23/2021,34521.8225,247.1,1.78,8.8591504,12.46113298
2/24/2021,31686.72125,256.86,5.56,7.23506455,12.1371494
2/25/2021,32952.6125,271.08,5.67,7.652693137,12.21177089
2/26/2021,31022.855,273.55,8.51,6.701958866,11.99703046
2/27/2021,35451.99875,268.16,5.39,8.408852517,12.33002537
2/28/2021,36324.02375,268.05,1.99,9.438116715,12.53808028
3/1/2021,36651.59625,270.01,5.93,8.659349141,12.35620542
3/2/2021,38107.5775,273.05,7.35,8.823782883,12.35445943
3/3/2021,39429.15,271.24,6.8,9.287176549,12.4259836
3/4/2021,37666.01875,270.73,4.48,9.27360454,12.47145072
3/5/2021,41618.71625,265.02,3.88,10.5738337,12.63977692
3/6/2021,42041.84,262.49,3.59,10.76602268,12.66590036
3/7/2021,41641.895,266.37,7.13,9.834800531,12.49266591
3/8/2021,44358.37375,264.01,5.21,11.04872599,12.66963866
3/9/2021,46790.1975,256.8,4.65,11.88602499,12.76655575
3/10/2021,47918.555,250.97,3.59,12.52207932,12.84727217
3/11/2021,48613.51625,253.3,3.13,12.89528577,12.8908572
3/12/2021,45457.11375,259.4,8.6,10.54686967,12.54941095
3/13/2021,43799.3225,266.7,7.57,10.35406807,12.54903538
3/14/2021,45487.31125,271.81,6.86,11.02596994,12.6421646
3/15/2021,47126.56875,272.7,5.88,11.74478766,12.73670493
3/16/2021,45828.54,271.44,2.32,12.35368012,12.85628275
3/17/2021,43508.41625,269.77,2.84,11.45673377,12.75598126
3/18/2021,45723.19625,270.66,2.01,12.4147458,12.8669442
3/19/2021,52356.76875,268.92,3.72,13.92424659,12.97494471
3/20/2021,53781.4875,267.23,3.18,14.52627909,13.03021454
3/21/2021,52455.98125,268.4,6.75,13.05384516,12.85255911
3/22/2021,55715.7225,270.52,3.33,15.08273449,13.07110286
3/23/2021,56046.6425,268.25,3.94,14.96523178,13.05372617
3/24/2021,57393.2125,268.68,2.69,15.82058172,13.13218268
3/25/2021,53449.12125,271.01,2.92,14.52836409,13.03458451
3/26/2021,52154.6325,271.62,2.79,14.17579562,13.00880883
3/27/2021,55647.2775,271.02,2.94,15.19997353,13.08503533
3/28/2021,55883.52625,271,1.34,15.86233788,13.1520324
3/29/2021,60326.09875,269.96,3.33,16.4917996,13.16944892
3/30/2021,58941.425,271.6,7.71,14.67071327,12.98064083
3/31/2021,58396.44125,273.78,7.13,14.69715754,12.99141386
4/1/2021,56418.3775,273.87,1.63,15.93047808,13.15338139
4/2/2021,61872.57125,273.09,2.59,17.25418389,13.22542269
4/3/2021,58829.18125,271.68,0.69,17.05233222,13.23412795
4/4/2021,66242.005,271.2,2.98,18.41669261,13.28540869
4/5/2021,64690.3875,272.12,5,17.20785174,13.19565433
4/6/2021,65683.935,274.57,4.84,17.57109619,13.21977495
4/7/2021,64577.075,276.19,4.58,17.34671758,13.20953874
4/8/2021,69301.19625,273.73,6.15,18.15176588,13.23912276
4/9/2021,70666.815,274.57,4.08,19.31183495,13.31981649
4/10/2021,70544.22,276.3,5.3,18.82879437,13.28475436
4/11/2021,70457.52,279.68,3.19,19.62199017,13.34248291
4/12/2021,64542.80375,279.55,5.24,17.12424565,13.18918059
4/13/2021,67634.1675,284.41,5.43,17.99004215,13.23948641
4/14/2021,68010.51,285.23,3.1,18.95925073,13.31296305
4/15/2021,68310.0825,283.72,5.9,18.0180855,13.23608952
4/16/2021,64768.03625,282.17,7.79,16.37670758,13.11057481
4/17/2021,70376.22625,281.97,7.38,18.09450723,13.22461893
4/18/2021,75253.72375,278.97,5.83,19.99140984,13.33644946
4/19/2021,75298.7975,278.77,6.39,19.79877553,13.32268519
4/20/2021,76355.395,276.51,6.86,19.90961803,13.32331882
4/21/2021,79365.1675,276.21,1.8,22.82895748,13.47069808
4/22/2021,76469.1225,279.38,5.38,20.5053957,13.36277086
4/23/2021,77098.3275,280.89,4.25,21.13751522,13.39765808
4/24/2021,82283.4775,275.81,4.7,22.40488141,13.43987496
4/25/2021,84652.78875,275.19,8.37,21.62250867,13.3842408
4/26/2021,83347.925,275.83,4.68,22.7126359,13.44995891
4/27/2021,81139.16,275.66,3.81,22.45387828,13.4472617
4/28/2021,86468.5,276.87,5.19,23.37432406,13.46686695
4/29/2021,86315.02125,277.94,2.82,24.35470409,13.50288259
4/30/2021,83147.9925,282.4,6.66,21.90394156,13.40919798
5/1/2021,87727.6675,280.57,3.8,24.32885584,13.49835279
5/2/2021,87342.43125,281.03,2.55,24.76862217,13.51176506
5/3/2021,84467.43125,283.01,4.32,23.21502662,13.4677502
5/4/2021,91146.93,277.15,7.71,23.63164337,13.45961584
5/5/2021,86676.2325,280.55,5.34,23.39084938,13.46677673
5/6/2021,87378.5275,282.71,7.13,22.88352996,13.44045087
5/7/2021,92159.31375,281.34,4.32,25.30738734,13.51517416
5/8/2021,88620.51375,280.59,3.93,24.51759895,13.50183409
5/9/2021,92946.58875,278.91,6.93,24.42973601,13.48592808
5/10/2021,96445.55,280.99,4.22,26.47052644,13.5310859
5/11/2021,94163.30625,285.07,4.09,25.95008366,13.52535432
5/12/2021,72379.79125,287.37,3.2,20.21824439,13.36907886
5/13/2021,93633.185,284.65,3.58,26.02578672,13.52745425
5/14/2021,92818.8475,288.31,3.59,25.8226557,13.52498285
5/15/2021,91013.8975,290.15,4.06,25.1542638,13.51379393
5/16/2021,95292.65125,289.41,3.37,26.57162353,13.53372457
5/17/2021,92801.8375,292.79,5.63,25.00043494,13.50553818
5/18/2021,90143.46375,293.74,6.17,24.08026603,13.48213848
5/19/2021,93029.2425,291.74,5.12,25.26083548,13.51223275
5/20/2021,93887.65875,287.84,4.89,25.55901713,13.51773182
5/21/2021,98195.935,284.35,4.73,26.72263445,13.53281087
5/22/2021,98196.9175,286.3,4.31,26.90867628,13.53522894
5/23/2021,99795.02625,287.3,4.95,27.05350217,13.53555123
5/24/2021,100516.01,286.27,3.85,27.69551683,13.54066045
5/25/2021,100497.6263,287.58,1.87,28.53987291,13.5481113
5/26/2021,98915.64375,289.96,2.36,27.93659515,13.54761807
5/27/2021,95898.7675,289.86,1.14,27.69700988,13.54760829
5/28/2021,97544.23875,290.28,0.76,28.28860486,13.54807108
5/29/2021,92502.38,287.01,5.89,24.78164932,13.49956975
5/30/2021,101634.54,282.49,6.56,26.83516997,13.53043218
5/31/2021,102753.9675,281.92,3.08,28.56066029,13.54824162
6/1/2021,104809.815,283.66,3.14,29.04730126,13.54780969
6/2/2021,103529.92,286.12,4.7,28.08996357,13.54177066
6/3/2021,107117.3213,286.71,5.67,28.57237548,13.54282297
6/4/2021,107065.65,287.79,5.49,28.63948374,13.54293153
6/5/2021,104900.6588,288.91,4.22,28.6460662,13.54261373
6/6/2021,101257.08,289.43,3.45,28.06933928,13.54191295
6/7/2021,101100.2325,290.13,2.81,28.29458489,13.54810033
6/8/2021,98068.57875,289.93,2.34,27.72975767,13.54703368
6/9/2021,97955.42,288.75,4.84,26.6375767,13.53186744
6/10/2021,96066.345,287.59,5.37,25.92838884,13.52189933
6/11/2021,100972.0763,288.59,4.43,27.57472759,13.5397423
6/12/2021,101381.72,290.53,1.5,28.93003487,13.5471125
6/13/2021,101619.3538,291.46,2.35,28.62512375,13.54813896
6/14/2021,100398.2788,292.98,1.48,28.70017025,13.54770749
6/15/2021,99225.8,293.64,1.78,28.27721658,13.54819867
6/16/2021,102594.495,290.64,4.43,27.99195175,13.54157106
6/17/2021,106754.7238,290.86,2.37,29.8702649,13.54334986
6/18/2021,104732.4588,292.31,2.22,29.44970272,13.54562883
6/19/2021,105890.955,293.34,3.26,29.29635355,13.54717996
6/20/2021,105089.6975,295.16,2.48,29.43567691,13.54594932
6/21/2021,102766.1738,296.57,1.78,29.16909028,13.54643564
6/22/2021,98626.215,297.74,1.62,28.2068793,13.54818438
6/23/2021,99216.2175,299.52,0.59,28.80792155,13.54679024
6/24/2021,97942.78,299.35,1.2,28.21963596,13.5481733
6/25/2021,96100.48875,298.41,1.39,27.66285939,13.54743092
6/26/2021,96859.86375,297.85,1.48,27.81743395,13.54775368
6/27/2021,95142.73625,297.41,2.02,27.15312207,13.53928077
6/28/2021,94329.43125,295.3,2.55,26.69799603,13.53598625
6/29/2021,102490.5763,292.22,5.69,27.45469938,13.53781623
6/30/2021,100833.6363,291.12,5.64,27.05386488,13.53459802
7/1/2021,98372.41875,293.34,3.23,27.44590598,13.5399511
7/2/2021,98350.81125,292.4,2.85,27.60214468,13.54075047
7/3/2021,100778.3575,291.09,3.51,27.92916424,13.54159895
7/4/2021,98467.725,291.75,4.09,27.09634395,13.53709363
7/5/2021,106772.2413,292.24,4.28,29.09565369,13.54214014
7/6/2021,105773.34,292.63,3.62,29.11521017,13.54785548
7/7/2021,105270.9838,295.02,1.47,29.90844997,13.54156193
7/8/2021,101769.6163,295.83,1.9,28.8691113,13.54752716
7/9/2021,102006.335,296.57,2.7,28.59031067,13.54821653
7/10/2021,96831.4875,297.88,2.05,27.56455972,13.54669364
7/11/2021,98710.84625,296.53,3.19,27.56301874,13.54050724
7/12/2021,100801.2213,296.2,2.15,28.52214077,13.54817284
7/13/2021,98083.075,297.6,1.91,27.94368038,13.54784253
7/14/2021,96138.995,298.08,2.6,27.16046839,13.53896362
7/15/2021,94297.9675,296.81,1.47,27.1559597,13.5453672
7/16/2021,93707.11625,297.5,2.49,26.5682769,13.53507041
7/17/2021,91153.28375,297.57,2.33,25.95859816,13.52950115
7/18/2021,92432.26875,296.5,0.93,26.90187443,13.54455376
7/19/2021,92515.02125,296.02,2.95,26.04805561,13.52927787
7/20/2021,93015.72875,293.39,3.98,25.73365699,13.52298661
7/21/2021,93479.55875,291.76,3.12,26.21294369,13.5306605
7/22/2021,96297.87,289.48,4.13,26.51019458,13.53186639
7/23/2021,92559.66125,289.66,4.5,25.37964883,13.51612377
7/24/2021,92162.9025,289.44,2.58,26.08909915,13.53029399
7/25/2021,87102.155,290.72,1.94,25.00580842,13.51773995
7/26/2021,88430.35875,293.24,1.56,25.54654733,13.52618437
7/27/2021,89672.0575,294.88,0.57,26.3217472,13.54093847
7/28/2021,81743.4325,292.46,2.76,23.15281884,13.4751693
7/29/2021,88970.52,294.07,3.28,24.95040301,13.5129596
7/30/2021,80271.625,293.92,2.32,22.92615587,13.47136333
7/31/2021,89262.4025,292.47,5.39,24.14699459,13.48755923
8/1/2021,85802.30125,293.33,3.4,24.02706987,13.4939857
8/2/2021,80852.83875,295.74,4.22,22.30418268,13.44136734
8/3/2021,88454.3275,291.51,4.43,24.31577605,13.49588992
8/4/2021,85195.7025,290.66,2.3,24.32138088,13.50469407
8/5/2021,82978.6075,290.91,2.09,23.79085219,13.49429334
8/6/2021,78672.88875,291.95,2.61,22.33007073,13.45192846
8/7/2021,76821.97875,294.45,4.42,21.06313119,13.39483588
8/8/2021,76523.59,294.06,2.08,21.93710437,13.44273657
8/9/2021,76077.185,296.5,0.41,22.55121546,13.47134272
8/10/2021,75901.05,294.76,2.56,21.55270057,13.42652688
8/11/2021,73299.70125,292.71,2.12,20.95850787,13.40764903
8/12/2021,74205.2975,292.42,1.79,21.3684369,13.42508591
8/13/2021,82484.71625,290.46,4.92,22.45349143,13.44136176
8/14/2021,80432.55,291.37,2.54,22.86698242,13.46835274
8/15/2021,76870.99,292.74,4.85,20.90040124,13.38490042
8/16/2021,77441.48,294.74,1.89,22.29173764,13.45522894
8/17/2021,74549.0725,295.1,3.51,20.767149,13.3899661
8/18/2021,74738.76375,295.04,3.28,20.91502715,13.39757586
8/19/2021,70047.675,291.23,2.03,20.01483104,13.37012729
8/20/2021,70582.8375,291.81,2.63,19.93449181,13.36196049
8/21/2021,65795.03125,289.42,4.01,17.98327875,13.2543307
8/22/2021,75152.9175,288.25,3.62,20.86572733,13.39243214
8/23/2021,73489.0875,287.88,3.07,20.59941129,13.38591496
8/24/2021,70107.76375,286.72,2.34,19.88885375,13.36191508
8/25/2021,70240.2525,287.15,1.49,20.28389087,13.3853031
8/26/2021,66783.0875,289.84,3.76,18.36924499,13.27762743
8/27/2021,65599.2975,290.23,5.69,17.34598671,13.20001576
8/28/2021,69221.46625,288.06,5.59,18.41563701,13.26208268
8/29/2021,66521.1975,291.17,2.17,18.89944013,13.31890989
8/30/2021,64836.33375,292.8,0.26,19.16181635,13.34741895
8/31/2021,63974.78,291.34,1.89,18.23703897,13.28859269
9/1/2021,60368.37125,288.34,2.16,17.01618533,13.2177212
9/2/2021,66864.42875,283.58,3.73,18.37310387,13.27729741
9/3/2021,66281.7875,282.42,6.67,17.16677722,13.17631723
9/4/2021,65816.17375,280.94,6.49,17.08190432,13.17262905
9/5/2021,65282.83125,279.92,4.64,17.55449955,13.22187708
9/6/2021,65510.3275,280.6,4.16,17.79827962,13.24113908
9/7/2021,63086.91375,282.04,6.06,16.43869177,13.13569657
9/8/2021,58560.6875,285.21,6.98,14.86626718,13.01036462
9/9/2021,59621.93625,287.56,6.12,15.44257049,13.06566265
9/10/2021,57901.1225,287.84,2.92,15.97837374,13.14300956
9/11/2021,57234.58875,287.03,1.84,16.15562302,13.16730328
9/12/2021,55158.11125,289.46,3.3,15.01102148,13.06957785
9/13/2021,53491.65,289.56,5.57,13.82379542,12.94612247
9/14/2021,58693.7925,282.65,6.7,14.96784327,13.02107722
9/15/2021,57681.5675,281.24,5.58,14.99955732,13.03768171
9/16/2021,56921.11875,280.3,3.22,15.53730239,13.10747256
9/17/2021,53598.2,278.61,2.4,14.78333008,13.06222171
9/18/2021,55287.9275,279.05,4.72,14.54382004,13.01326614
9/19/2021,52936.35875,278.34,8.47,12.81200377,12.80649424
9/20/2021,50484.9975,277.36,9.71,11.82942131,12.68569749
9/21/2021,49456.38125,278.05,6.13,12.4024089,12.80243217
9/22/2021,50489.5875,278.06,2.59,13.75363717,12.9785337
9/23/2021,48777.85,280.28,1.78,13.48939607,12.96821401
9/24/2021,50113.44,280.4,4.92,12.94705758,12.87477869
9/25/2021,48021.38,281.31,3.99,12.58192196,12.85456318
9/26/2021,47826.27,281.87,5.77,12.03701938,12.77246534
9/27/2021,46084.6225,281.41,5.56,11.57081208,12.72694523
9/28/2021,45636.05,278.45,4.09,11.8050048,12.77428692
9/29/2021,45150.07625,278.71,2.88,11.99978674,12.81386745
9/30/2021,43596.49375,277.95,1.22,12.00490289,12.84073801
10/1/2021,41909.42375,277.62,1.72,11.3058728,12.76042211
10/2/2021,40914.295,277.64,0.94,11.21591055,12.76379152
10/3/2021,38479.4825,277.52,2.07,10.12593309,12.6230134
10/4/2021,38906.1525,278.71,2.48,10.1586482,12.62007142
10/5/2021,38616.305,278.4,3.96,9.712042609,12.53999144
10/6/2021,40361.92,277.73,3.29,10.39932711,12.63394581
10/7/2021,39862.3075,277.33,1.92,10.59890835,12.67986312
10/8/2021,39211.26375,277.32,2.43,10.26085435,12.63253321
10/9/2021,38422.6375,277.07,3.12,9.844522685,12.57074316
10/10/2021,35502.56625,277.69,3.23,8.930361438,12.45173427
10/11/2021,36057.8375,278.11,2.71,9.219245175,12.49959557
10/12/2021,34657.8,278.91,3.6,8.601023138,12.40021471
10/13/2021,31848.73,281.53,3.27,7.81956953,12.29014824
10/14/2021,29136.59625,278.81,0.81,7.474562346,12.28641128
10/15/2021,33314.07125,278.14,6.52,7.651174389,12.19938408
10/16/2021,30442.505,279.66,6.67,6.833601744,12.06208997
10/17/2021,31694.705,277.96,5.99,7.277934427,12.1492939
10/18/2021,32247.87,276.67,5.54,7.502849127,12.19391665
10/19/2021,31375.2325,275.35,4.95,7.344848932,12.17926421
10/20/2021,30728.79,273.72,4.46,7.233431073,12.1699334
10/21/2021,26365.13,282.17,8.27,5.551001706,11.79117558
10/22/2021,28429.56875,281.05,8.88,6.01816727,11.87052711
10/23/2021,27769.91,277.39,6.4,6.122344418,11.93734777
10/24/2021,27935.95875,274.18,5.88,6.221296495,11.96408812
10/25/2021,27105.0075,272.05,4.15,6.226837871,11.99983065
10/26/2021,26676.62625,274.64,6.52,5.79264511,11.86830994
10/27/2021,24141.55625,276.03,6.24,5.148274706,11.74248182
10/28/2021,24839.2075,278.9,3.4,5.712172022,11.92157314
10/29/2021,23084.70875,279.39,5.02,5.013671412,11.74225022
10/30/2021,22519.4625,280.52,6.32,4.73147029,11.65334365
10/31/2021,22774.85625,277.12,6.5,4.764523908,11.65351264
11/1/2021,21861.48125,275.71,3.61,4.82300465,11.7278208
11/2/2021,20124.1775,275.12,3.9,4.308774063,11.60126162
11/3/2021,18976.615,277.59,6.73,3.773899601,11.40756397
11/4/2021,20241.035,279.05,4.87,4.25956137,11.57131826
11/5/2021,17470.20125,281.57,6.56,3.43203033,11.32509024
11/6/2021,19153.21,278.73,7.62,3.759890522,11.38688654
11/7/2021,19936.85,277.2,5.96,4.0749069,11.50032883
11/8/2021,18469.765,277.09,6.78,3.643119107,11.37148024
11/9/2021,18893.32125,271.76,7.13,3.699378512,11.3718851
11/10/2021,18440.34375,270.74,4.95,3.748935979,11.43205538
11/11/2021,16618.01625,273.08,6.39,3.203625552,11.25379027
11/12/2021,16732.80625,274.13,6.37,3.236310127,11.26488161
11/13/2021,16718.04,274.1,4.95,3.32538741,11.3205796
11/14/2021,15626.49875,272.34,3.3,3.16279561,11.30941233
11/15/2021,16456.87,270.26,3.34,3.367289364,11.36479991
11/16/2021,15865.93125,269.12,6.34,3.013776814,11.19463577
11/17/2021,14548.295,270.94,3.74,2.858854008,11.20824239
11/18/2021,13731.14375,270.36,6.07,2.53947439,11.05729413
11/19/2021,14316.72625,272.82,5.77,2.695515832,11.11606752
11/20/2021,13710.945,272.98,5.39,2.574686812,11.08653448
11/21/2021,13760.71375,272.01,5.32,2.586625143,11.09050785
11/22/2021,13849.8625,267.51,5.81,2.569701026,11.06842009
11/23/2021,13150.77375,264.13,4.18,2.480468892,11.07205963
11/24/2021,12745.30625,267.74,7.87,2.244874603,10.91955245
11/25/2021,12041.865,273.11,5.77,2.183638178,10.95080026
11/26/2021,11098.865,272.71,7.87,1.917557972,10.81706309
11/27/2021,10259.21875,272.73,6.64,1.777633581,10.79006173
11/28/2021,11091.11125,272.77,4.78,2.010161255,10.91045247
11/29/2021,10274.03625,273.6,5.7,1.808008742,10.82070503
11/30/2021,10741.58125,271.84,9.33,1.808963942,10.74991953
12/1/2021,10710.0925,267.6,6.75,1.854472521,10.80649158
12/2/2021,10624.76125,265.92,4.59,1.899563255,10.86526605
12/3/2021,10144.84375,271.66,4.91,1.799232077,10.83003642
12/4/2021,10441.9775,265.72,5.75,1.823105764,10.81229224
12/5/2021,9495.8825,264.66,1.31,1.77109143,10.88991111
12/6/2021,9377.98,265.14,3.88,1.654465938,10.78762792
12/7/2021,9239.4525,268.71,2.74,1.667005485,10.82141603
12/8/2021,9317.6375,259.29,5.05,1.597287195,10.73128363
12/9/2021,9669.5575,254.58,4.57,1.674444457,10.7650645
12/10/2021,9645.745,251.79,4.6,1.663248075,10.75591574
12/11/2021,9268.44375,250.45,4.85,1.576086295,10.71359268
12/12/2021,8088.70375,262.24,4.75,1.363071812,10.64824583
12/13/2021,7816.03875,267.64,3.35,1.348288732,10.67908893
12/14/2021,8326.4125,265.71,0.49,1.539142908,10.81848603
12/15/2021,8054.50375,265.58,3.93,1.380054744,10.67748496
12/16/2021,8484.3775,271.24,5.77,1.43649713,10.67346934
12/17/2021,8506.32625,268.58,3.65,1.484377318,10.72999149
12/18/2021,8627.28,267,2.16,1.550135384,10.78623433
12/19/2021,8263.59875,268.4,3.24,1.44425382,10.7219652
12/20/2021,8621.26125,260.96,7.07,1.41762866,10.62061314
12/21/2021,8874.42375,253.77,3.91,1.528416935,10.72185384
12/22/2021,8922.0625,250.5,3.83,1.535144545,10.72204453
12/23/2021,9072.26125,256.88,5.62,1.528566233,10.68758834
12/24/2021,8801.385,259.8,8.71,1.420567726,10.58682344
12/25/2021,8645.6075,260.43,5.38,1.456197668,10.66997942
12/26/2021,8924.88875,261.69,7.7,1.46529432,10.62866338
12/27/2021,9149.35375,258.19,5.6,1.546974694,10.6975993
12/28/2021,8992.265,259.35,2.45,1.608334307,10.79506137
12/29/2021,9295.8475,255.98,3.28,1.639962137,10.78406262
12/30/2021,8669.18375,259.44,2.6,1.534192588,10.76200179
12/31/2021,8778.055,264.38,4.98,1.499376571,10.70230093
